phase_id,run_id,matrix_id,runtime_authorized,runtime_sys_executable,python,platform,python_flint_distribution,flint_version,flint_FLINT_VERSION,arb_independent_version_seal,input_label,input_source,input_block,input_parent,real_midpoint_rational,real_radius_rational,imag_midpoint_rational,imag_radius_rational,precision_bits,input_real_lower,input_real_upper,input_imag_lower,input_imag_upper,input_real_lower_ne_upper,input_imag_lower_ne_upper,output_type,output_finite,output_real_lower,output_real_upper,output_imag_lower,output_imag_upper,output_real_lower_ne_upper,output_imag_lower_ne_upper,ctx_before,ctx_inside,ctx_after,ctx_restored,result
006E63,006E63-20260627T174026Z,006E63_REPLAY_PLUS_CENTER_ATTO_TIGHT,C:\Users\johnn\AppData\Local\Temp\athena-006e20r\Scripts\python.exe,C:\Users\johnn\AppData\Local\Temp\athena-006e20r\Scripts\python.exe,"3.12.13 (main, Mar  3 2026, 15:01:35) [MSC v.1944 64 bit (AMD64)]",Windows-11-10.0.26200-SP0,0.8.0,0.8.0,3.3.1,False,LBOX_P1,replay_006E59,CORE_PARENT,,1/2,1/1000,7/5,1/2000,96,[0.498999999997977 +/- 2.84e-16],[0.501000000002023 +/- 2.84e-16],[1.39949999999808 +/- 9.42e-16],[1.40050000000192 +/- 7.65e-16],True,True,acb,True,[0.559427222516187 +/- 4.84e-16],[0.618490659445324 +/- 1.10e-16],[0.355214949523921 +/- 2.42e-16],[0.416471770383774 +/- 4.76e-16],True,True,53,96,53,True,PASS
006E63,006E63-20260627T174026Z,006E63_REPLAY_PLUS_CENTER_ATTO_TIGHT,C:\Users\johnn\AppData\Local\Temp\athena-006e20r\Scripts\python.exe,C:\Users\johnn\AppData\Local\Temp\athena-006e20r\Scripts\python.exe,"3.12.13 (main, Mar  3 2026, 15:01:35) [MSC v.1944 64 bit (AMD64)]",Windows-11-10.0.26200-SP0,0.8.0,0.8.0,3.3.1,False,LBOX_P1,replay_006E59,CORE_PARENT,,1/2,1/1000,7/5,1/2000,128,[0.498999999997977 +/- 2.84e-16],[0.501000000002023 +/- 2.84e-16],[1.39949999999808 +/- 9.42e-16],[1.40050000000192 +/- 7.65e-16],True,True,acb,True,[0.551224179575808 +/- 1.74e-16],[0.626693774373859 +/- 2.42e-16],[0.345763799608881 +/- 4.29e-16],[0.425922933025482 +/- 8.97e-18],True,True,53,128,53,True,PASS
006E63,006E63-20260627T174026Z,006E63_REPLAY_PLUS_CENTER_ATTO_TIGHT,C:\Users\johnn\AppData\Local\Temp\athena-006e20r\Scripts\python.exe,C:\Users\johnn\AppData\Local\Temp\athena-006e20r\Scripts\python.exe,"3.12.13 (main, Mar  3 2026, 15:01:35) [MSC v.1944 64 bit (AMD64)]",Windows-11-10.0.26200-SP0,0.8.0,0.8.0,3.3.1,False,LBOX_P1_S1,replay_006E59,CORE_SUBBOX,LBOX_P1,1999/4000,1/2000,5599/4000,1/4000,96,[0.499249999998079 +/- 1.20e-16],[0.500250000001921 +/- 1.20e-16],[1.39949999999904 +/- 5.99e-16],[1.40000000000096 +/- 2.55e-16],True,True,acb,True,[0.574085283694401 +/- 4.83e-16],[0.603607601185175 +/- 1.31e-16],[0.370506841684813 +/- 4.60e-16],[0.401127435233333 +/- 5.18e-17],True,True,53,96,53,True,PASS
006E63,006E63-20260627T174026Z,006E63_REPLAY_PLUS_CENTER_ATTO_TIGHT,C:\Users\johnn\AppData\Local\Temp\athena-006e20r\Scripts\python.exe,C:\Users\johnn\AppData\Local\Temp\athena-006e20r\Scripts\python.exe,"3.12.13 (main, Mar  3 2026, 15:01:35) [MSC v.1944 64 bit (AMD64)]",Windows-11-10.0.26200-SP0,0.8.0,0.8.0,3.3.1,False,LBOX_P1_S1,replay_006E59,CORE_SUBBOX,LBOX_P1,1999/4000,1/2000,5599/4000,1/4000,128,[0.499249999998079 +/- 1.20e-16],[0.500250000001921 +/- 1.20e-16],[1.39949999999904 +/- 5.99e-16],[1.40000000000096 +/- 2.55e-16],True,True,acb,True,[0.569979864644371 +/- 2.19e-16],[0.607713038457110 +/- 4.44e-16],[0.365775091764829 +/- 8.57e-17],[0.405859180044229 +/- 1.62e-16],True,True,53,128,53,True,PASS
006E63,006E63-20260627T174026Z,006E63_REPLAY_PLUS_CENTER_ATTO_TIGHT,C:\Users\johnn\AppData\Local\Temp\athena-006e20r\Scripts\python.exe,C:\Users\johnn\AppData\Local\Temp\athena-006e20r\Scripts\python.exe,"3.12.13 (main, Mar  3 2026, 15:01:35) [MSC v.1944 64 bit (AMD64)]",Windows-11-10.0.26200-SP0,0.8.0,0.8.0,3.3.1,False,LBOX_P1_S2,replay_006E59,CORE_SUBBOX,LBOX_P1,1999/4000,1/2000,5601/4000,1/4000,96,[0.499249999998079 +/- 1.20e-16],[0.500250000001921 +/- 1.20e-16],[1.39999999999904 +/- 4.32e-16],[1.40050000000096 +/- 4.22e-16],True,True,acb,True,[0.574182766193223 +/- 4.96e-16],[0.603682105482255 +/- 4.62e-16],[0.370654692017779 +/- 1.03e-16],[0.401255636930073 +/- 1.22e-16],True,True,53,96,53,True,PASS
006E63,006E63-20260627T174026Z,006E63_REPLAY_PLUS_CENTER_ATTO_TIGHT,C:\Users\johnn\AppData\Local\Temp\athena-006e20r\Scripts\python.exe,C:\Users\johnn\AppData\Local\Temp\athena-006e20r\Scripts\python.exe,"3.12.13 (main, Mar  3 2026, 15:01:35) [MSC v.1944 64 bit (AMD64)]",Windows-11-10.0.26200-SP0,0.8.0,0.8.0,3.3.1,False,LBOX_P1_S2,replay_006E59,CORE_SUBBOX,LBOX_P1,1999/4000,1/2000,5601/4000,1/4000,128,[0.499249999998079 +/- 1.20e-16],[0.500250000001921 +/- 1.20e-16],[1.39999999999904 +/- 4.32e-16],[1.40050000000096 +/- 4.22e-16],True,True,acb,True,[0.570089656850901 +/- 3.91e-17],[0.607775233036951 +/- 1.99e-16],[0.365937171554460 +/- 2.95e-16],[0.405973152249853 +/- 3.03e-16],True,True,53,128,53,True,PASS
006E63,006E63-20260627T174026Z,006E63_REPLAY_PLUS_CENTER_ATTO_TIGHT,C:\Users\johnn\AppData\Local\Temp\athena-006e20r\Scripts\python.exe,C:\Users\johnn\AppData\Local\Temp\athena-006e20r\Scripts\python.exe,"3.12.13 (main, Mar  3 2026, 15:01:35) [MSC v.1944 64 bit (AMD64)]",Windows-11-10.0.26200-SP0,0.8.0,0.8.0,3.3.1,False,LBOX_P1_S3,replay_006E59,CORE_SUBBOX,LBOX_P1,2001/4000,1/2000,5599/4000,1/4000,96,[0.499749999998079 +/- 1.20e-16],[0.500750000001921 +/- 1.75e-16],[1.39949999999904 +/- 5.99e-16],[1.40000000000096 +/- 2.55e-16],True,True,acb,True,[0.574247777970140 +/- 4.83e-16],[0.603721121659601 +/- 9.89e-17],[0.370447018874148 +/- 3.82e-16],[0.401015316011655 +/- 2.57e-16],True,True,53,96,53,True,PASS
006E63,006E63-20260627T174026Z,006E63_REPLAY_PLUS_CENTER_ATTO_TIGHT,C:\Users\johnn\AppData\Local\Temp\athena-006e20r\Scripts\python.exe,C:\Users\johnn\AppData\Local\Temp\athena-006e20r\Scripts\python.exe,"3.12.13 (main, Mar  3 2026, 15:01:35) [MSC v.1944 64 bit (AMD64)]",Windows-11-10.0.26200-SP0,0.8.0,0.8.0,3.3.1,False,LBOX_P1_S3,replay_006E59,CORE_SUBBOX,LBOX_P1,2001/4000,1/2000,5599/4000,1/4000,128,[0.499749999998079 +/- 1.20e-16],[0.500750000001921 +/- 1.75e-16],[1.39949999999904 +/- 5.99e-16],[1.40000000000096 +/- 2.55e-16],True,True,acb,True,[0.570152808210182 +/- 6.16e-18],[0.607816109896007 +/- 9.52e-17],[0.365726405054665 +/- 4.72e-16],[0.405735928330905 +/- 1.61e-16],True,True,53,128,53,True,PASS
006E63,006E63-20260627T174026Z,006E63_REPLAY_PLUS_CENTER_ATTO_TIGHT,C:\Users\johnn\AppData\Local\Temp\athena-006e20r\Scripts\python.exe,C:\Users\johnn\AppData\Local\Temp\athena-006e20r\Scripts\python.exe,"3.12.13 (main, Mar  3 2026, 15:01:35) [MSC v.1944 64 bit (AMD64)]",Windows-11-10.0.26200-SP0,0.8.0,0.8.0,3.3.1,False,LBOX_P1_S4,replay_006E59,CORE_SUBBOX,LBOX_P1,2001/4000,1/2000,5601/4000,1/4000,96,[0.499749999998079 +/- 1.20e-16],[0.500750000001921 +/- 1.75e-16],[1.39999999999904 +/- 4.32e-16],[1.40050000000096 +/- 4.22e-16],True,True,acb,True,[0.574345237163853 +/- 2.18e-16],[0.603795640428344 +/- 2.16e-16],[0.370594809919840 +/- 2.30e-16],[0.401143492065149 +/- 1.24e-17],True,True,53,96,53,True,PASS
006E63,006E63-20260627T174026Z,006E63_REPLAY_PLUS_CENTER_ATTO_TIGHT,C:\Users\johnn\AppData\Local\Temp\athena-006e20r\Scripts\python.exe,C:\Users\johnn\AppData\Local\Temp\athena-006e20r\Scripts\python.exe,"3.12.13 (main, Mar  3 2026, 15:01:35) [MSC v.1944 64 bit (AMD64)]",Windows-11-10.0.26200-SP0,0.8.0,0.8.0,3.3.1,False,LBOX_P1_S4,replay_006E59,CORE_SUBBOX,LBOX_P1,2001/4000,1/2000,5601/4000,1/4000,128,[0.499749999998079 +/- 1.20e-16],[0.500750000001921 +/- 1.75e-16],[1.39999999999904 +/- 4.32e-16],[1.40050000000096 +/- 4.22e-16],True,True,acb,True,[0.570262549262271 +/- 3.79e-16],[0.607878346802910 +/- 8.57e-17],[0.365888393719193 +/- 7.25e-17],[0.405849906734635 +/- 2.76e-16],True,True,53,128,53,True,PASS
006E63,006E63-20260627T174026Z,006E63_REPLAY_PLUS_CENTER_ATTO_TIGHT,C:\Users\johnn\AppData\Local\Temp\athena-006e20r\Scripts\python.exe,C:\Users\johnn\AppData\Local\Temp\athena-006e20r\Scripts\python.exe,"3.12.13 (main, Mar  3 2026, 15:01:35) [MSC v.1944 64 bit (AMD64)]",Windows-11-10.0.26200-SP0,0.8.0,0.8.0,3.3.1,False,LBOX_P1_C,replay_006E59,CENTER_REFINEMENT,LBOX_P1,1/2,1/4000,7/5,1/8000,96,[0.499749999999494 +/- 3.21e-16],[0.500250000000506 +/- 3.21e-16],[1.39987499999952 +/- 3.03e-16],[1.40012500000048 +/- 1.25e-16],True,True,acb,True,[0.581592380063439 +/- 3.85e-16],[0.596324255262216 +/- 3.30e-16],[0.378202397000112 +/- 4.50e-17],[0.393483808222644 +/- 4.40e-16],True,True,53,96,53,True,PASS
006E63,006E63-20260627T174026Z,006E63_REPLAY_PLUS_CENTER_ATTO_TIGHT,C:\Users\johnn\AppData\Local\Temp\athena-006e20r\Scripts\python.exe,C:\Users\johnn\AppData\Local\Temp\athena-006e20r\Scripts\python.exe,"3.12.13 (main, Mar  3 2026, 15:01:35) [MSC v.1944 64 bit (AMD64)]",Windows-11-10.0.26200-SP0,0.8.0,0.8.0,3.3.1,False,LBOX_P1_C,replay_006E59,CENTER_REFINEMENT,LBOX_P1,1/2,1/4000,7/5,1/8000,128,[0.499749999999494 +/- 3.21e-16],[0.500250000000506 +/- 3.21e-16],[1.39987499999952 +/- 3.03e-16],[1.40012500000048 +/- 1.25e-16],True,True,acb,True,[0.579547223905724 +/- 3.30e-16],[0.598369416149258 +/- 3.51e-16],[0.375844487808600 +/- 3.03e-16],[0.395841724825979 +/- 4.31e-16],True,True,53,128,53,True,PASS
006E63,006E63-20260627T174026Z,006E63_REPLAY_PLUS_CENTER_ATTO_TIGHT,C:\Users\johnn\AppData\Local\Temp\athena-006e20r\Scripts\python.exe,C:\Users\johnn\AppData\Local\Temp\athena-006e20r\Scripts\python.exe,"3.12.13 (main, Mar  3 2026, 15:01:35) [MSC v.1944 64 bit (AMD64)]",Windows-11-10.0.26200-SP0,0.8.0,0.8.0,3.3.1,False,LBOX_P1_CT,replay_006E59,CENTER_TIGHT,LBOX_P1_C,1/2,1/8000,7/5,1/16000,96,[0.499874999999747 +/- 1.61e-16],[0.500125000000253 +/- 1.61e-16],[1.39993749999976 +/- 1.96e-16],[1.40006250000024 +/- 1.79e-17],True,True,acb,True,[0.585276712080970 +/- 4.30e-16],[0.592639857517073 +/- 4.01e-16],[0.382024082245987 +/- 2.27e-16],[0.389662096502359 +/- 5.45e-17],True,True,53,96,53,True,PASS
006E63,006E63-20260627T174026Z,006E63_REPLAY_PLUS_CENTER_ATTO_TIGHT,C:\Users\johnn\AppData\Local\Temp\athena-006e20r\Scripts\python.exe,C:\Users\johnn\AppData\Local\Temp\athena-006e20r\Scripts\python.exe,"3.12.13 (main, Mar  3 2026, 15:01:35) [MSC v.1944 64 bit (AMD64)]",Windows-11-10.0.26200-SP0,0.8.0,0.8.0,3.3.1,False,LBOX_P1_CT,replay_006E59,CENTER_TIGHT,LBOX_P1_C,1/2,1/8000,7/5,1/16000,128,[0.499874999999747 +/- 1.61e-16],[0.500125000000253 +/- 1.61e-16],[1.39993749999976 +/- 1.96e-16],[1.40006250000024 +/- 1.79e-17],True,True,acb,True,[0.584254597848649 +/- 3.63e-16],[0.593661973045691 +/- 4.61e-16],[0.380845528872634 +/- 4.54e-16],[0.390840654034002 +/- 2.26e-17],True,True,53,128,53,True,PASS
006E63,006E63-20260627T174026Z,006E63_REPLAY_PLUS_CENTER_ATTO_TIGHT,C:\Users\johnn\AppData\Local\Temp\athena-006e20r\Scripts\python.exe,C:\Users\johnn\AppData\Local\Temp\athena-006e20r\Scripts\python.exe,"3.12.13 (main, Mar  3 2026, 15:01:35) [MSC v.1944 64 bit (AMD64)]",Windows-11-10.0.26200-SP0,0.8.0,0.8.0,3.3.1,False,LBOX_P1_CUT,replay_006E59,CENTER_ULTRA_TIGHT,LBOX_P1_CT,1/2,1/16000,7/5,1/32000,96,[0.499937499999874 +/- 4.20e-16],[0.500062500000126 +/- 4.20e-16],[1.39996874999988 +/- 1.43e-16],[1.40003125000012 +/- 3.58e-17],True,True,acb,True,[0.587117827419803 +/- 3.40e-16],[0.590798727944872 +/- 3.16e-16],[0.383933906352423 +/- 8.22e-17],[0.387752268335999 +/- 4.62e-16],True,True,53,96,53,True,PASS
006E63,006E63-20260627T174026Z,006E63_REPLAY_PLUS_CENTER_ATTO_TIGHT,C:\Users\johnn\AppData\Local\Temp\athena-006e20r\Scripts\python.exe,C:\Users\johnn\AppData\Local\Temp\athena-006e20r\Scripts\python.exe,"3.12.13 (main, Mar  3 2026, 15:01:35) [MSC v.1944 64 bit (AMD64)]",Windows-11-10.0.26200-SP0,0.8.0,0.8.0,3.3.1,False,LBOX_P1_CUT,replay_006E59,CENTER_ULTRA_TIGHT,LBOX_P1_CT,1/2,1/16000,7/5,1/32000,128,[0.499937499999874 +/- 4.20e-16],[0.500062500000126 +/- 4.20e-16],[1.39996874999988 +/- 1.43e-16],[1.40003125000012 +/- 3.58e-17],True,True,acb,True,[0.586606884094565 +/- 4.83e-16],[0.591309671708061 +/- 1.87e-16],[0.383344728079018 +/- 2.60e-16],[0.388341450570360 +/- 4.17e-17],True,True,53,128,53,True,PASS
006E63,006E63-20260627T174026Z,006E63_REPLAY_PLUS_CENTER_ATTO_TIGHT,C:\Users\johnn\AppData\Local\Temp\athena-006e20r\Scripts\python.exe,C:\Users\johnn\AppData\Local\Temp\athena-006e20r\Scripts\python.exe,"3.12.13 (main, Mar  3 2026, 15:01:35) [MSC v.1944 64 bit (AMD64)]",Windows-11-10.0.26200-SP0,0.8.0,0.8.0,3.3.1,False,LBOX_P1_CMT,replay_006E59,CENTER_MICRO_TIGHT,LBOX_P1_CUT,1/2,1/32000,7/5,1/64000,96,[0.499968749999937 +/- 2.10e-16],[0.500031250000063 +/- 2.10e-16],[1.39998437499994 +/- 1.16e-16],[1.40001562500006 +/- 6.24e-17],True,True,acb,True,[0.588038118286751 +/- 1.01e-16],[0.589878432688967 +/- 1.09e-16],[0.384888559900468 +/- 3.09e-18],[0.386797612482518 +/- 2.61e-16],True,True,53,96,53,True,PASS
006E63,006E63-20260627T174026Z,006E63_REPLAY_PLUS_CENTER_ATTO_TIGHT,C:\Users\johnn\AppData\Local\Temp\athena-006e20r\Scripts\python.exe,C:\Users\johnn\AppData\Local\Temp\athena-006e20r\Scripts\python.exe,"3.12.13 (main, Mar  3 2026, 15:01:35) [MSC v.1944 64 bit (AMD64)]",Windows-11-10.0.26200-SP0,0.8.0,0.8.0,3.3.1,False,LBOX_P1_CMT,replay_006E59,CENTER_MICRO_TIGHT,LBOX_P1_CUT,1/2,1/32000,7/5,1/64000,128,[0.499968749999937 +/- 2.10e-16],[0.500031250000063 +/- 2.10e-16],[1.39998437499994 +/- 1.16e-16],[1.40001562500006 +/- 6.24e-17],True,True,acb,True,[0.587782674592015 +/- 3.87e-16],[0.590133877124752 +/- 1.52e-16],[0.384593994378890 +/- 4.75e-16],[0.387092182027488 +/- 3.15e-16],True,True,53,128,53,True,PASS
006E63,006E63-20260627T174026Z,006E63_REPLAY_PLUS_CENTER_ATTO_TIGHT,C:\Users\johnn\AppData\Local\Temp\athena-006e20r\Scripts\python.exe,C:\Users\johnn\AppData\Local\Temp\athena-006e20r\Scripts\python.exe,"3.12.13 (main, Mar  3 2026, 15:01:35) [MSC v.1944 64 bit (AMD64)]",Windows-11-10.0.26200-SP0,0.8.0,0.8.0,3.3.1,False,LBOX_P1_CNT,replay_006E59,CENTER_NANO_TIGHT,LBOX_P1_CMT,1/2,1/64000,7/5,1/128000,96,[0.499984374999968 +/- 3.96e-16],[0.500015625000032 +/- 3.96e-16],[1.39999218749997 +/- 1.03e-16],[1.40000781250003 +/- 7.57e-17],True,True,acb,True,[0.588498199276423 +/- 4.40e-16],[0.589418351018744 +/- 2.91e-16],[0.385365824093197 +/- 1.93e-16],[0.386320349588414 +/- 1.03e-16],True,True,53,96,53,True,PASS
006E63,006E63-20260627T174026Z,006E63_REPLAY_PLUS_CENTER_ATTO_TIGHT,C:\Users\johnn\AppData\Local\Temp\athena-006e20r\Scripts\python.exe,C:\Users\johnn\AppData\Local\Temp\athena-006e20r\Scripts\python.exe,"3.12.13 (main, Mar  3 2026, 15:01:35) [MSC v.1944 64 bit (AMD64)]",Windows-11-10.0.26200-SP0,0.8.0,0.8.0,3.3.1,False,LBOX_P1_CNT,replay_006E59,CENTER_NANO_TIGHT,LBOX_P1_CMT,1/2,1/64000,7/5,1/128000,128,[0.499984374999968 +/- 3.96e-16],[0.500015625000032 +/- 3.96e-16],[1.39999218749997 +/- 1.03e-16],[1.40000781250003 +/- 7.57e-17],True,True,acb,True,[0.588370482529921 +/- 7.95e-17],[0.589546068496769 +/- 4.94e-16],[0.385218544366882 +/- 7.64e-17],[0.386467633303557 +/- 3.44e-16],True,True,53,128,53,True,PASS
006E63,006E63-20260627T174026Z,006E63_REPLAY_PLUS_CENTER_ATTO_TIGHT,C:\Users\johnn\AppData\Local\Temp\athena-006e20r\Scripts\python.exe,C:\Users\johnn\AppData\Local\Temp\athena-006e20r\Scripts\python.exe,"3.12.13 (main, Mar  3 2026, 15:01:35) [MSC v.1944 64 bit (AMD64)]",Windows-11-10.0.26200-SP0,0.8.0,0.8.0,3.3.1,False,LBOX_P1_CPT,replay_006E59,CENTER_PICO_TIGHT,LBOX_P1_CNT,1/2,1/128000,7/5,1/256000,96,[0.499992187499984 +/- 1.98e-16],[0.500007812500016 +/- 1.98e-16],[1.39999609374998 +/- 4.91e-15],[1.40000390625001 +/- 4.92e-15],True,True,acb,True,[0.588728224223028 +/- 6.27e-17],[0.589188325936116 +/- 2.53e-16],[0.385604440588163 +/- 4.89e-16],[0.386081732590123 +/- 1.69e-17],True,True,53,96,53,True,PASS
006E63,006E63-20260627T174026Z,006E63_REPLAY_PLUS_CENTER_ATTO_TIGHT,C:\Users\johnn\AppData\Local\Temp\athena-006e20r\Scripts\python.exe,C:\Users\johnn\AppData\Local\Temp\athena-006e20r\Scripts\python.exe,"3.12.13 (main, Mar  3 2026, 15:01:35) [MSC v.1944 64 bit (AMD64)]",Windows-11-10.0.26200-SP0,0.8.0,0.8.0,3.3.1,False,LBOX_P1_CPT,replay_006E59,CENTER_PICO_TIGHT,LBOX_P1_CNT,1/2,1/128000,7/5,1/256000,128,[0.499992187499984 +/- 1.98e-16],[0.500007812500016 +/- 1.98e-16],[1.39999609374998 +/- 4.91e-15],[1.40000390625001 +/- 4.92e-15],True,True,acb,True,[0.588664365624637 +/- 1.36e-16],[0.589252185034339 +/- 1.83e-16],[0.385530798154702 +/- 2.04e-16],[0.386155376139738 +/- 2.72e-16],True,True,53,128,53,True,PASS
006E63,006E63-20260627T174026Z,006E63_REPLAY_PLUS_CENTER_ATTO_TIGHT,C:\Users\johnn\AppData\Local\Temp\athena-006e20r\Scripts\python.exe,C:\Users\johnn\AppData\Local\Temp\athena-006e20r\Scripts\python.exe,"3.12.13 (main, Mar  3 2026, 15:01:35) [MSC v.1944 64 bit (AMD64)]",Windows-11-10.0.26200-SP0,0.8.0,0.8.0,3.3.1,False,LBOX_P1_CFT,replay_006E59,CENTER_FEMTO_TIGHT,LBOX_P1_CPT,1/2,1/256000,7/5,1/512000,96,[0.499996093749992 +/- 9.88e-17],[0.500003906250008 +/- 9.88e-17],[1.39999804687499 +/- 2.41e-15],[1.40000195312501 +/- 2.59e-15],True,True,acb,True,[0.588843231911757 +/- 1.37e-16],[0.589073317160616 +/- 6.13e-17],[0.385723744859651 +/- 2.75e-16],[0.385962428212669 +/- 4.62e-16],True,True,53,96,53,True,PASS
006E63,006E63-20260627T174026Z,006E63_REPLAY_PLUS_CENTER_ATTO_TIGHT,C:\Users\johnn\AppData\Local\Temp\athena-006e20r\Scripts\python.exe,C:\Users\johnn\AppData\Local\Temp\athena-006e20r\Scripts\python.exe,"3.12.13 (main, Mar  3 2026, 15:01:35) [MSC v.1944 64 bit (AMD64)]",Windows-11-10.0.26200-SP0,0.8.0,0.8.0,3.3.1,False,LBOX_P1_CFT,replay_006E59,CENTER_FEMTO_TIGHT,LBOX_P1_CPT,1/2,1/256000,7/5,1/512000,128,[0.499996093749992 +/- 9.88e-17],[0.500003906250008 +/- 9.88e-17],[1.39999804687499 +/- 2.41e-15],[1.40000195312501 +/- 2.59e-15],True,True,acb,True,[0.588811302100676 +/- 2.19e-16],[0.589105247669177 +/- 1.77e-16],[0.385686922196412 +/- 1.82e-16],[0.385999252092999 +/- 3.46e-16],True,True,53,128,53,True,PASS
006E63,006E63-20260627T174026Z,006E63_REPLAY_PLUS_CENTER_ATTO_TIGHT,C:\Users\johnn\AppData\Local\Temp\athena-006e20r\Scripts\python.exe,C:\Users\johnn\AppData\Local\Temp\athena-006e20r\Scripts\python.exe,"3.12.13 (main, Mar  3 2026, 15:01:35) [MSC v.1944 64 bit (AMD64)]",Windows-11-10.0.26200-SP0,0.8.0,0.8.0,3.3.1,False,LBOX_P1_C_ATTO,new_006E63,CENTER_ATTO_TIGHT,LBOX_P1_CFT,1/2,1/512000,7/5,1/1024000,96,[0.499998046874996 +/- 4.94e-17],[0.500001953125004 +/- 4.95e-17],[1.39999902343750 +/- 3.85e-15],[1.40000097656250 +/- 3.67e-15],True,True,acb,True,[0.588900735814512 +/- 7.75e-17],[0.589015813562376 +/- 4.23e-16],[0.385783396659237 +/- 1.66e-16],[0.385902776319769 +/- 3.26e-16],True,True,53,96,53,True,PASS
006E63,006E63-20260627T174026Z,006E63_REPLAY_PLUS_CENTER_ATTO_TIGHT,C:\Users\johnn\AppData\Local\Temp\athena-006e20r\Scripts\python.exe,C:\Users\johnn\AppData\Local\Temp\athena-006e20r\Scripts\python.exe,"3.12.13 (main, Mar  3 2026, 15:01:35) [MSC v.1944 64 bit (AMD64)]",Windows-11-10.0.26200-SP0,0.8.0,0.8.0,3.3.1,False,LBOX_P1_C_ATTO,new_006E63,CENTER_ATTO_TIGHT,LBOX_P1_CFT,1/2,1/512000,7/5,1/1024000,128,[0.499998046874996 +/- 4.94e-17],[0.500001953125004 +/- 4.95e-17],[1.39999902343750 +/- 3.85e-15],[1.40000097656250 +/- 3.67e-15],True,True,acb,True,[0.588884768850987 +/- 2.72e-16],[0.589031781227133 +/- 2.89e-16],[0.385764980892897 +/- 1.53e-16],[0.385921193295896 +/- 3.08e-16],True,True,53,128,53,True,PASS
006E63,006E63-20260627T174026Z,006E63_REPLAY_PLUS_CENTER_ATTO_TIGHT,C:\Users\johnn\AppData\Local\Temp\athena-006e20r\Scripts\python.exe,C:\Users\johnn\AppData\Local\Temp\athena-006e20r\Scripts\python.exe,"3.12.13 (main, Mar  3 2026, 15:01:35) [MSC v.1944 64 bit (AMD64)]",Windows-11-10.0.26200-SP0,0.8.0,0.8.0,3.3.1,False,LBOX_P2,replay_006E59,CORE_PARENT,,3/4,1/2000,2/1,1/1000,96,[0.749499999998989 +/- 3.59e-16],[0.750500000001011 +/- 3.59e-16],[1.99899999999798 +/- 2.72e-15],[2.00100000000202 +/- 2.72e-15],True,True,acb,True,[0.765176502557899 +/- 7.02e-17],[0.796540318558420 +/- 2.24e-16],[0.459664271262785 +/- 8.47e-17],[0.491247939053768 +/- 1.25e-17],True,True,53,96,53,True,PASS
006E63,006E63-20260627T174026Z,006E63_REPLAY_PLUS_CENTER_ATTO_TIGHT,C:\Users\johnn\AppData\Local\Temp\athena-006e20r\Scripts\python.exe,C:\Users\johnn\AppData\Local\Temp\athena-006e20r\Scripts\python.exe,"3.12.13 (main, Mar  3 2026, 15:01:35) [MSC v.1944 64 bit (AMD64)]",Windows-11-10.0.26200-SP0,0.8.0,0.8.0,3.3.1,False,LBOX_P2,replay_006E59,CORE_PARENT,,3/4,1/2000,2/1,1/1000,128,[0.749499999998989 +/- 3.59e-16],[0.750500000001011 +/- 3.59e-16],[1.99899999999798 +/- 2.72e-15],[2.00100000000202 +/- 2.72e-15],True,True,acb,True,[0.762513764186462 +/- 4.74e-18],[0.799203073997216 +/- 1.81e-17],[0.456966245348580 +/- 3.25e-16],[0.493945986474414 +/- 3.77e-16],True,True,53,128,53,True,PASS
006E63,006E63-20260627T174026Z,006E63_REPLAY_PLUS_CENTER_ATTO_TIGHT,C:\Users\johnn\AppData\Local\Temp\athena-006e20r\Scripts\python.exe,C:\Users\johnn\AppData\Local\Temp\athena-006e20r\Scripts\python.exe,"3.12.13 (main, Mar  3 2026, 15:01:35) [MSC v.1944 64 bit (AMD64)]",Windows-11-10.0.26200-SP0,0.8.0,0.8.0,3.3.1,False,LBOX_P2_S1,replay_006E59,CORE_SUBBOX,LBOX_P2,2999/4000,1/4000,3999/2000,1/2000,96,[0.749499999999039 +/- 4.91e-16],[0.750000000000960 +/- 3.43e-16],[1.99899999999808 +/- 1.02e-15],[2.00000000000192 +/- 6.86e-16],True,True,acb,True,[0.772840714127653 +/- 9.46e-17],[0.788514841713606 +/- 3.08e-16],[0.467531738307529 +/- 3.66e-16],[0.483316101424366 +/- 4.04e-16],True,True,53,96,53,True,PASS
006E63,006E63-20260627T174026Z,006E63_REPLAY_PLUS_CENTER_ATTO_TIGHT,C:\Users\johnn\AppData\Local\Temp\athena-006e20r\Scripts\python.exe,C:\Users\johnn\AppData\Local\Temp\athena-006e20r\Scripts\python.exe,"3.12.13 (main, Mar  3 2026, 15:01:35) [MSC v.1944 64 bit (AMD64)]",Windows-11-10.0.26200-SP0,0.8.0,0.8.0,3.3.1,False,LBOX_P2_S1,replay_006E59,CORE_SUBBOX,LBOX_P2,2999/4000,1/4000,3999/2000,1/2000,128,[0.749499999999039 +/- 4.91e-16],[0.750000000000960 +/- 3.43e-16],[1.99899999999808 +/- 1.02e-15],[2.00000000000192 +/- 6.86e-16],True,True,acb,True,[0.771512890259709 +/- 3.88e-17],[0.789842669557055 +/- 4.00e-16],[0.466185645432070 +/- 4.73e-16],[0.484662200061231 +/- 3.81e-16],True,True,53,128,53,True,PASS
006E63,006E63-20260627T174026Z,006E63_REPLAY_PLUS_CENTER_ATTO_TIGHT,C:\Users\johnn\AppData\Local\Temp\athena-006e20r\Scripts\python.exe,C:\Users\johnn\AppData\Local\Temp\athena-006e20r\Scripts\python.exe,"3.12.13 (main, Mar  3 2026, 15:01:35) [MSC v.1944 64 bit (AMD64)]",Windows-11-10.0.26200-SP0,0.8.0,0.8.0,3.3.1,False,LBOX_P2_S2,replay_006E59,CORE_SUBBOX,LBOX_P2,2999/4000,1/4000,4001/2000,1/2000,96,[0.749499999999039 +/- 4.91e-16],[0.750000000000960 +/- 3.43e-16],[1.99999999999808 +/- 1.14e-15],[2.00100000000192 +/- 5.76e-16],True,True,acb,True,[0.773105093586566 +/- 2.39e-16],[0.788778774661552 +/- 1.07e-16],[0.467729074576881 +/- 3.79e-16],[0.483512348890316 +/- 3.65e-16],True,True,53,96,53,True,PASS
006E63,006E63-20260627T174026Z,006E63_REPLAY_PLUS_CENTER_ATTO_TIGHT,C:\Users\johnn\AppData\Local\Temp\athena-006e20r\Scripts\python.exe,C:\Users\johnn\AppData\Local\Temp\athena-006e20r\Scripts\python.exe,"3.12.13 (main, Mar  3 2026, 15:01:35) [MSC v.1944 64 bit (AMD64)]",Windows-11-10.0.26200-SP0,0.8.0,0.8.0,3.3.1,False,LBOX_P2_S2,replay_006E59,CORE_SUBBOX,LBOX_P2,2999/4000,1/4000,4001/2000,1/2000,128,[0.749499999999039 +/- 4.91e-16],[0.750000000000960 +/- 3.43e-16],[1.99999999999808 +/- 1.14e-15],[2.00100000000192 +/- 5.76e-16],True,True,acb,True,[0.771770709012677 +/- 3.64e-16],[0.790113163231914 +/- 2.83e-16],[0.466377747966599 +/- 1.99e-16],[0.484863681246916 +/- 3.68e-16],True,True,53,128,53,True,PASS
006E63,006E63-20260627T174026Z,006E63_REPLAY_PLUS_CENTER_ATTO_TIGHT,C:\Users\johnn\AppData\Local\Temp\athena-006e20r\Scripts\python.exe,C:\Users\johnn\AppData\Local\Temp\athena-006e20r\Scripts\python.exe,"3.12.13 (main, Mar  3 2026, 15:01:35) [MSC v.1944 64 bit (AMD64)]",Windows-11-10.0.26200-SP0,0.8.0,0.8.0,3.3.1,False,LBOX_P2_S3,replay_006E59,CORE_SUBBOX,LBOX_P2,3001/4000,1/4000,3999/2000,1/2000,96,[0.749999999999040 +/- 4.54e-16],[0.750500000000960 +/- 3.99e-16],[1.99899999999808 +/- 1.02e-15],[2.00000000000192 +/- 6.86e-16],True,True,acb,True,[0.772949991974681 +/- 3.84e-16],[0.788602363661564 +/- 1.35e-18],[0.467410710878317 +/- 4.07e-16],[0.483173087564642 +/- 5.47e-17],True,True,53,96,53,True,PASS
006E63,006E63-20260627T174026Z,006E63_REPLAY_PLUS_CENTER_ATTO_TIGHT,C:\Users\johnn\AppData\Local\Temp\athena-006e20r\Scripts\python.exe,C:\Users\johnn\AppData\Local\Temp\athena-006e20r\Scripts\python.exe,"3.12.13 (main, Mar  3 2026, 15:01:35) [MSC v.1944 64 bit (AMD64)]",Windows-11-10.0.26200-SP0,0.8.0,0.8.0,3.3.1,False,LBOX_P2_S3,replay_006E59,CORE_SUBBOX,LBOX_P2,3001/4000,1/4000,3999/2000,1/2000,128,[0.749999999999040 +/- 4.54e-16],[0.750500000000960 +/- 3.99e-16],[1.99899999999808 +/- 1.02e-15],[2.00000000000192 +/- 6.86e-16],True,True,acb,True,[0.771625346476859 +/- 4.31e-16],[0.789927013540357 +/- 4.52e-16],[0.466067815555263 +/- 3.90e-16],[0.484515987284950 +/- 2.67e-16],True,True,53,128,53,True,PASS
006E63,006E63-20260627T174026Z,006E63_REPLAY_PLUS_CENTER_ATTO_TIGHT,C:\Users\johnn\AppData\Local\Temp\athena-006e20r\Scripts\python.exe,C:\Users\johnn\AppData\Local\Temp\athena-006e20r\Scripts\python.exe,"3.12.13 (main, Mar  3 2026, 15:01:35) [MSC v.1944 64 bit (AMD64)]",Windows-11-10.0.26200-SP0,0.8.0,0.8.0,3.3.1,False,LBOX_P2_S4,replay_006E59,CORE_SUBBOX,LBOX_P2,3001/4000,1/4000,4001/2000,1/2000,96,[0.749999999999040 +/- 4.54e-16],[0.750500000000960 +/- 3.99e-16],[1.99999999999808 +/- 1.14e-15],[2.00100000000192 +/- 5.76e-16],True,True,acb,True,[0.773214317973630 +/- 6.13e-17],[0.788866247282290 +/- 3.79e-16],[0.467607956436412 +/- 2.69e-16],[0.483369249383402 +/- 3.67e-16],True,True,53,96,53,True,PASS
006E63,006E63-20260627T174026Z,006E63_REPLAY_PLUS_CENTER_ATTO_TIGHT,C:\Users\johnn\AppData\Local\Temp\athena-006e20r\Scripts\python.exe,C:\Users\johnn\AppData\Local\Temp\athena-006e20r\Scripts\python.exe,"3.12.13 (main, Mar  3 2026, 15:01:35) [MSC v.1944 64 bit (AMD64)]",Windows-11-10.0.26200-SP0,0.8.0,0.8.0,3.3.1,False,LBOX_P2_S4,replay_006E59,CORE_SUBBOX,LBOX_P2,3001/4000,1/4000,4001/2000,1/2000,128,[0.749999999999040 +/- 4.54e-16],[0.750500000000960 +/- 3.99e-16],[1.99999999999808 +/- 1.14e-15],[2.00100000000192 +/- 5.76e-16],True,True,acb,True,[0.771883126566584 +/- 1.99e-16],[0.790197443086120 +/- 3.88e-16],[0.466259839892362 +/- 3.62e-16],[0.484717370307979 +/- 3.77e-16],True,True,53,128,53,True,PASS
006E63,006E63-20260627T174026Z,006E63_REPLAY_PLUS_CENTER_ATTO_TIGHT,C:\Users\johnn\AppData\Local\Temp\athena-006e20r\Scripts\python.exe,C:\Users\johnn\AppData\Local\Temp\athena-006e20r\Scripts\python.exe,"3.12.13 (main, Mar  3 2026, 15:01:35) [MSC v.1944 64 bit (AMD64)]",Windows-11-10.0.26200-SP0,0.8.0,0.8.0,3.3.1,False,LBOX_P2_C,replay_006E59,CENTER_REFINEMENT,LBOX_P2,3/4,1/8000,2/1,1/4000,96,[0.749874999999747 +/- 1.61e-16],[0.750125000000253 +/- 1.61e-16],[1.99974999999949 +/- 4.33e-15],[2.00025000000051 +/- 4.33e-15],True,True,acb,True,[0.776945770720275 +/- 4.86e-16],[0.784772591696609 +/- 2.90e-16],[0.471515495132273 +/- 3.26e-17],[0.479397184177735 +/- 8.60e-17],True,True,53,96,53,True,PASS
006E63,006E63-20260627T174026Z,006E63_REPLAY_PLUS_CENTER_ATTO_TIGHT,C:\Users\johnn\AppData\Local\Temp\athena-006e20r\Scripts\python.exe,C:\Users\johnn\AppData\Local\Temp\athena-006e20r\Scripts\python.exe,"3.12.13 (main, Mar  3 2026, 15:01:35) [MSC v.1944 64 bit (AMD64)]",Windows-11-10.0.26200-SP0,0.8.0,0.8.0,3.3.1,False,LBOX_P2_C,replay_006E59,CENTER_REFINEMENT,LBOX_P2,3/4,1/8000,2/1,1/4000,128,[0.749874999999747 +/- 1.61e-16],[0.750125000000253 +/- 1.61e-16],[1.99974999999949 +/- 4.33e-15],[2.00025000000051 +/- 4.33e-15],True,True,acb,True,[0.776281476477149 +/- 2.91e-16],[0.785436887561216 +/- 4.54e-16],[0.470842415535162 +/- 3.74e-16],[0.480070264699907 +/- 2.68e-16],True,True,53,128,53,True,PASS
006E63,006E63-20260627T174026Z,006E63_REPLAY_PLUS_CENTER_ATTO_TIGHT,C:\Users\johnn\AppData\Local\Temp\athena-006e20r\Scripts\python.exe,C:\Users\johnn\AppData\Local\Temp\athena-006e20r\Scripts\python.exe,"3.12.13 (main, Mar  3 2026, 15:01:35) [MSC v.1944 64 bit (AMD64)]",Windows-11-10.0.26200-SP0,0.8.0,0.8.0,3.3.1,False,LBOX_P2_CT,replay_006E59,CENTER_TIGHT,LBOX_P2_C,3/4,1/16000,2/1,1/8000,96,[0.749937499999874 +/- 4.20e-16],[0.750062500000126 +/- 4.20e-16],[1.99987499999975 +/- 2.84e-15],[2.00012500000025 +/- 2.84e-15],True,True,acb,True,[0.778903092197724 +/- 2.00e-16],[0.782815347271098 +/- 4.17e-16],[0.473486511051223 +/- 3.64e-16],[0.477426192031916 +/- 2.26e-16],True,True,53,96,53,True,PASS
006E63,006E63-20260627T174026Z,006E63_REPLAY_PLUS_CENTER_ATTO_TIGHT,C:\Users\johnn\AppData\Local\Temp\athena-006e20r\Scripts\python.exe,C:\Users\johnn\AppData\Local\Temp\athena-006e20r\Scripts\python.exe,"3.12.13 (main, Mar  3 2026, 15:01:35) [MSC v.1944 64 bit (AMD64)]",Windows-11-10.0.26200-SP0,0.8.0,0.8.0,3.3.1,False,LBOX_P2_CT,replay_006E59,CENTER_TIGHT,LBOX_P2_C,3/4,1/16000,2/1,1/8000,128,[0.749937499999874 +/- 4.20e-16],[0.750062500000126 +/- 4.20e-16],[1.99987499999975 +/- 2.84e-15],[2.00012500000025 +/- 2.84e-15],True,True,acb,True,[0.778571058171870 +/- 4.44e-16],[0.783147381347440 +/- 3.37e-16],[0.473150087695950 +/- 4.61e-16],[0.477762615534568 +/- 3.87e-16],True,True,53,128,53,True,PASS
006E63,006E63-20260627T174026Z,006E63_REPLAY_PLUS_CENTER_ATTO_TIGHT,C:\Users\johnn\AppData\Local\Temp\athena-006e20r\Scripts\python.exe,C:\Users\johnn\AppData\Local\Temp\athena-006e20r\Scripts\python.exe,"3.12.13 (main, Mar  3 2026, 15:01:35) [MSC v.1944 64 bit (AMD64)]",Windows-11-10.0.26200-SP0,0.8.0,0.8.0,3.3.1,False,LBOX_P2_CUT,replay_006E59,CENTER_ULTRA_TIGHT,LBOX_P2_CT,3/4,1/32000,2/1,1/16000,96,[0.749968749999937 +/- 2.10e-16],[0.750031250000063 +/- 2.10e-16],[1.99993749999987 +/- 3.59e-15],[2.00006250000013 +/- 3.59e-15],True,True,acb,True,[0.779881298140966 +/- 2.95e-16],[0.781837158959237 +/- 3.5e-19],[0.474471568606196 +/- 2.86e-16],[0.476441140031630 +/- 2.61e-16],True,True,53,96,53,True,PASS
006E63,006E63-20260627T174026Z,006E63_REPLAY_PLUS_CENTER_ATTO_TIGHT,C:\Users\johnn\AppData\Local\Temp\athena-006e20r\Scripts\python.exe,C:\Users\johnn\AppData\Local\Temp\athena-006e20r\Scripts\python.exe,"3.12.13 (main, Mar  3 2026, 15:01:35) [MSC v.1944 64 bit (AMD64)]",Windows-11-10.0.26200-SP0,0.8.0,0.8.0,3.3.1,False,LBOX_P2_CUT,replay_006E59,CENTER_ULTRA_TIGHT,LBOX_P2_CT,3/4,1/32000,2/1,1/16000,128,[0.749968749999937 +/- 2.10e-16],[0.750031250000063 +/- 2.10e-16],[1.99993749999987 +/- 3.59e-15],[2.00006250000013 +/- 3.59e-15],True,True,acb,True,[0.779715308706785 +/- 4.85e-16],[0.782003149792275 +/- 3.02e-16],[0.474303384284965 +/- 2.32e-16],[0.476609324056724 +/- 3.18e-16],True,True,53,128,53,True,PASS
006E63,006E63-20260627T174026Z,006E63_REPLAY_PLUS_CENTER_ATTO_TIGHT,C:\Users\johnn\AppData\Local\Temp\athena-006e20r\Scripts\python.exe,C:\Users\johnn\AppData\Local\Temp\athena-006e20r\Scripts\python.exe,"3.12.13 (main, Mar  3 2026, 15:01:35) [MSC v.1944 64 bit (AMD64)]",Windows-11-10.0.26200-SP0,0.8.0,0.8.0,3.3.1,False,LBOX_P2_CMT,replay_006E59,CENTER_MICRO_TIGHT,LBOX_P2_CUT,3/4,1/64000,2/1,1/32000,96,[0.749984374999968 +/- 3.96e-16],[0.750015625000032 +/- 3.96e-16],[1.99996874999994 +/- 3.22e-15],[2.00003125000006 +/- 3.21e-15],True,True,acb,True,[0.780370290006099 +/- 3.01e-16],[0.781348172246576 +/- 2.89e-16],[0.474963986742069 +/- 4.23e-16],[0.475948723687680 +/- 2.92e-16],True,True,53,96,53,True,PASS
006E63,006E63-20260627T174026Z,006E63_REPLAY_PLUS_CENTER_ATTO_TIGHT,C:\Users\johnn\AppData\Local\Temp\athena-006e20r\Scripts\python.exe,C:\Users\johnn\AppData\Local\Temp\athena-006e20r\Scripts\python.exe,"3.12.13 (main, Mar  3 2026, 15:01:35) [MSC v.1944 64 bit (AMD64)]",Windows-11-10.0.26200-SP0,0.8.0,0.8.0,3.3.1,False,LBOX_P2_CMT,replay_006E59,CENTER_MICRO_TIGHT,LBOX_P2_CUT,3/4,1/64000,2/1,1/32000,128,[0.749984374999968 +/- 3.96e-16],[0.750015625000032 +/- 3.96e-16],[1.99996874999994 +/- 3.22e-15],[2.00003125000006 +/- 3.21e-15],True,True,acb,True,[0.780287301841986 +/- 2.52e-17],[0.781431161172100 +/- 2.36e-16],[0.474879901399639 +/- 2.96e-16],[0.476032809170668 +/- 3.65e-17],True,True,53,128,53,True,PASS
006E63,006E63-20260627T174026Z,006E63_REPLAY_PLUS_CENTER_ATTO_TIGHT,C:\Users\johnn\AppData\Local\Temp\athena-006e20r\Scripts\python.exe,C:\Users\johnn\AppData\Local\Temp\athena-006e20r\Scripts\python.exe,"3.12.13 (main, Mar  3 2026, 15:01:35) [MSC v.1944 64 bit (AMD64)]",Windows-11-10.0.26200-SP0,0.8.0,0.8.0,3.3.1,False,LBOX_P2_CNT,replay_006E59,CENTER_NANO_TIGHT,LBOX_P2_CMT,3/4,1/128000,2/1,1/64000,96,[0.749992187499984 +/- 1.98e-16],[0.750007812500016 +/- 1.98e-16],[1.99998437499997 +/- 1.61e-15],[2.00001562500003 +/- 1.61e-15],True,True,acb,True,[0.780614758709721 +/- 4.76e-16],[0.781103705915388 +/- 1.36e-16],[0.475210168111232 +/- 1.79e-16],[0.475702542336592 +/- 2.40e-16],True,True,53,96,53,True,PASS
006E63,006E63-20260627T174026Z,006E63_REPLAY_PLUS_CENTER_ATTO_TIGHT,C:\Users\johnn\AppData\Local\Temp\athena-006e20r\Scripts\python.exe,C:\Users\johnn\AppData\Local\Temp\athena-006e20r\Scripts\python.exe,"3.12.13 (main, Mar  3 2026, 15:01:35) [MSC v.1944 64 bit (AMD64)]",Windows-11-10.0.26200-SP0,0.8.0,0.8.0,3.3.1,False,LBOX_P2_CNT,replay_006E59,CENTER_NANO_TIGHT,LBOX_P2_CMT,3/4,1/128000,2/1,1/64000,128,[0.749992187499984 +/- 1.98e-16],[0.750007812500016 +/- 1.98e-16],[1.99998437499997 +/- 1.61e-15],[2.00001562500003 +/- 1.61e-15],True,True,acb,True,[0.780573263321055 +/- 7.80e-17],[0.781145201718170 +/- 4.79e-16],[0.475168123911949 +/- 6.97e-17],[0.475744586055676 +/- 3.45e-16],True,True,53,128,53,True,PASS
006E63,006E63-20260627T174026Z,006E63_REPLAY_PLUS_CENTER_ATTO_TIGHT,C:\Users\johnn\AppData\Local\Temp\athena-006e20r\Scripts\python.exe,C:\Users\johnn\AppData\Local\Temp\athena-006e20r\Scripts\python.exe,"3.12.13 (main, Mar  3 2026, 15:01:35) [MSC v.1944 64 bit (AMD64)]",Windows-11-10.0.26200-SP0,0.8.0,0.8.0,3.3.1,False,LBOX_P2_CPT,replay_006E59,CENTER_PICO_TIGHT,LBOX_P2_CNT,3/4,1/256000,2/1,1/128000,96,[0.749996093749992 +/- 9.88e-17],[0.750003906250008 +/- 9.88e-17],[1.99999218749998 +/- 4.20e-15],[2.00000781250002 +/- 4.20e-15],True,True,acb,True,[0.780736985494618 +/- 1.19e-16],[0.780981479995821 +/- 2.38e-16],[0.475333251406743 +/- 3.18e-16],[0.475579459106745 +/- 2.06e-16],True,True,53,96,53,True,PASS
006E63,006E63-20260627T174026Z,006E63_REPLAY_PLUS_CENTER_ATTO_TIGHT,C:\Users\johnn\AppData\Local\Temp\athena-006e20r\Scripts\python.exe,C:\Users\johnn\AppData\Local\Temp\athena-006e20r\Scripts\python.exe,"3.12.13 (main, Mar  3 2026, 15:01:35) [MSC v.1944 64 bit (AMD64)]",Windows-11-10.0.26200-SP0,0.8.0,0.8.0,3.3.1,False,LBOX_P2_CPT,replay_006E59,CENTER_PICO_TIGHT,LBOX_P2_CNT,3/4,1/256000,2/1,1/128000,128,[0.749996093749992 +/- 9.88e-17],[0.750003906250008 +/- 9.88e-17],[1.99999218749998 +/- 4.20e-15],[2.00000781250002 +/- 4.20e-15],True,True,acb,True,[0.780716236936239 +/- 1.84e-16],[0.781002228439245 +/- 2.84e-16],[0.475312228732143 +/- 2.62e-16],[0.475600481899725 +/- 9.16e-17],True,True,53,128,53,True,PASS
006E63,006E63-20260627T174026Z,006E63_REPLAY_PLUS_CENTER_ATTO_TIGHT,C:\Users\johnn\AppData\Local\Temp\athena-006e20r\Scripts\python.exe,C:\Users\johnn\AppData\Local\Temp\athena-006e20r\Scripts\python.exe,"3.12.13 (main, Mar  3 2026, 15:01:35) [MSC v.1944 64 bit (AMD64)]",Windows-11-10.0.26200-SP0,0.8.0,0.8.0,3.3.1,False,LBOX_P2_CFT,replay_006E59,CENTER_FEMTO_TIGHT,LBOX_P2_CPT,3/4,1/512000,2/1,1/256000,96,[0.749998046874996 +/- 4.94e-17],[0.750001953125004 +/- 4.95e-17],[1.99999609374999 +/- 2.10e-15],[2.00000390625001 +/- 2.10e-15],True,True,acb,True,[0.780798097572978 +/- 2.00e-16],[0.780920365587343 +/- 4.57e-16],[0.475394793073266 +/- 4.87e-16],[0.475517917427826 +/- 4.91e-16],True,True,53,96,53,True,PASS
006E63,006E63-20260627T174026Z,006E63_REPLAY_PLUS_CENTER_ATTO_TIGHT,C:\Users\johnn\AppData\Local\Temp\athena-006e20r\Scripts\python.exe,C:\Users\johnn\AppData\Local\Temp\athena-006e20r\Scripts\python.exe,"3.12.13 (main, Mar  3 2026, 15:01:35) [MSC v.1944 64 bit (AMD64)]",Windows-11-10.0.26200-SP0,0.8.0,0.8.0,3.3.1,False,LBOX_P2_CFT,replay_006E59,CENTER_FEMTO_TIGHT,LBOX_P2_CPT,3/4,1/512000,2/1,1/256000,128,[0.749998046874996 +/- 4.94e-17],[0.750001953125004 +/- 4.95e-17],[1.99999609374999 +/- 2.10e-15],[2.00000390625001 +/- 2.10e-15],True,True,acb,True,[0.780787722700670 +/- 4.28e-16],[0.780930741230696 +/- 3.87e-16],[0.475384280566367 +/- 4.46e-16],[0.475528430053054 +/- 2.30e-16],True,True,53,128,53,True,PASS
006E63,006E63-20260627T174026Z,006E63_REPLAY_PLUS_CENTER_ATTO_TIGHT,C:\Users\johnn\AppData\Local\Temp\athena-006e20r\Scripts\python.exe,C:\Users\johnn\AppData\Local\Temp\athena-006e20r\Scripts\python.exe,"3.12.13 (main, Mar  3 2026, 15:01:35) [MSC v.1944 64 bit (AMD64)]",Windows-11-10.0.26200-SP0,0.8.0,0.8.0,3.3.1,False,LBOX_P2_C_ATTO,new_006E63,CENTER_ATTO_TIGHT,LBOX_P2_CFT,3/4,1/1024000,2/1,1/512000,96,[0.749999023437498 +/- 2.48e-17],[0.750000976562502 +/- 2.48e-17],[1.99999804687500 +/- 3.96e-15],[2.00000195312500 +/- 3.96e-15],True,True,acb,True,[0.780828653092372 +/- 4.83e-16],[0.780889810083169 +/- 4.00e-16],[0.475425563102580 +/- 6.01e-17],[0.475487148015408 +/- 3.44e-17],True,True,53,96,53,True,PASS
006E63,006E63-20260627T174026Z,006E63_REPLAY_PLUS_CENTER_ATTO_TIGHT,C:\Users\johnn\AppData\Local\Temp\athena-006e20r\Scripts\python.exe,C:\Users\johnn\AppData\Local\Temp\athena-006e20r\Scripts\python.exe,"3.12.13 (main, Mar  3 2026, 15:01:35) [MSC v.1944 64 bit (AMD64)]",Windows-11-10.0.26200-SP0,0.8.0,0.8.0,3.3.1,False,LBOX_P2_C_ATTO,new_006E63,CENTER_ATTO_TIGHT,LBOX_P2_CFT,3/4,1/1024000,2/1,1/512000,128,[0.749999023437498 +/- 2.48e-17],[0.750000976562502 +/- 2.48e-17],[1.99999804687500 +/- 3.96e-15],[2.00000195312500 +/- 3.96e-15],True,True,acb,True,[0.780823463831360 +/- 1.91e-16],[0.780895000043677 +/- 2.90e-16],[0.475420304873385 +/- 2.14e-16],[0.475492406310284 +/- 4.44e-16],True,True,53,128,53,True,PASS
006E63,006E63-20260627T174026Z,006E63_REPLAY_PLUS_CENTER_ATTO_TIGHT,C:\Users\johnn\AppData\Local\Temp\athena-006e20r\Scripts\python.exe,C:\Users\johnn\AppData\Local\Temp\athena-006e20r\Scripts\python.exe,"3.12.13 (main, Mar  3 2026, 15:01:35) [MSC v.1944 64 bit (AMD64)]",Windows-11-10.0.26200-SP0,0.8.0,0.8.0,3.3.1,False,LBOX_P3,replay_006E59,CORE_PARENT,,1/3,1/1500,5/3,1/1500,96,[0.332666666664712 +/- 1.60e-16],[0.334000000001955 +/- 2.12e-16],[1.66599999999805 +/- 4.96e-15],[1.66733333333529 +/- 2.01e-15],True,True,acb,True,[0.550460991440364 +/- 3.55e-16],[0.636922109280736 +/- 2.18e-16],[0.452574820701485 +/- 1.93e-16],[0.539027413564255 +/- 2.09e-16],True,True,53,96,53,True,PASS
006E63,006E63-20260627T174026Z,006E63_REPLAY_PLUS_CENTER_ATTO_TIGHT,C:\Users\johnn\AppData\Local\Temp\athena-006e20r\Scripts\python.exe,C:\Users\johnn\AppData\Local\Temp\athena-006e20r\Scripts\python.exe,"3.12.13 (main, Mar  3 2026, 15:01:35) [MSC v.1944 64 bit (AMD64)]",Windows-11-10.0.26200-SP0,0.8.0,0.8.0,3.3.1,False,LBOX_P3,replay_006E59,CORE_PARENT,,1/3,1/1500,5/3,1/1500,128,[0.332666666664712 +/- 1.60e-16],[0.334000000001955 +/- 2.12e-16],[1.66599999999805 +/- 4.96e-15],[1.66733333333529 +/- 2.01e-15],True,True,acb,True,[0.519906073462762 +/- 3.70e-16],[0.667477020880751 +/- 1.16e-16],[0.422009155534797 +/- 4.54e-16],[0.569593076043421 +/- 3.13e-16],True,True,53,128,53,True,PASS
006E63,006E63-20260627T174026Z,006E63_REPLAY_PLUS_CENTER_ATTO_TIGHT,C:\Users\johnn\AppData\Local\Temp\athena-006e20r\Scripts\python.exe,C:\Users\johnn\AppData\Local\Temp\athena-006e20r\Scripts\python.exe,"3.12.13 (main, Mar  3 2026, 15:01:35) [MSC v.1944 64 bit (AMD64)]",Windows-11-10.0.26200-SP0,0.8.0,0.8.0,3.3.1,False,LBOX_P3_S1,replay_006E59,CORE_SUBBOX,LBOX_P3,1999/6000,1/3000,4999/3000,1/3000,96,[0.332833333332356 +/- 7.05e-17],[0.333500000000977 +/- 4.04e-16],[1.66599999999902 +/- 2.49e-15],[1.66666666666764 +/- 3.96e-15],True,True,acb,True,[0.571959651735652 +/- 4.47e-16],[0.615171936360694 +/- 1.07e-16],[0.474133150072329 +/- 3.13e-16],[0.517343311340109 +/- 1.36e-16],True,True,53,96,53,True,PASS
006E63,006E63-20260627T174026Z,006E63_REPLAY_PLUS_CENTER_ATTO_TIGHT,C:\Users\johnn\AppData\Local\Temp\athena-006e20r\Scripts\python.exe,C:\Users\johnn\AppData\Local\Temp\athena-006e20r\Scripts\python.exe,"3.12.13 (main, Mar  3 2026, 15:01:35) [MSC v.1944 64 bit (AMD64)]",Windows-11-10.0.26200-SP0,0.8.0,0.8.0,3.3.1,False,LBOX_P3_S1,replay_006E59,CORE_SUBBOX,LBOX_P3,1999/6000,1/3000,4999/3000,1/3000,128,[0.332833333332356 +/- 7.05e-17],[0.333500000000977 +/- 4.04e-16],[1.66599999999902 +/- 2.49e-15],[1.66666666666764 +/- 3.96e-15],True,True,acb,True,[0.556708026053107 +/- 1.43e-17],[0.630423562675438 +/- 3.57e-16],[0.458878843464814 +/- 1.66e-16],[0.532597617713660 +/- 2.35e-16],True,True,53,128,53,True,PASS
006E63,006E63-20260627T174026Z,006E63_REPLAY_PLUS_CENTER_ATTO_TIGHT,C:\Users\johnn\AppData\Local\Temp\athena-006e20r\Scripts\python.exe,C:\Users\johnn\AppData\Local\Temp\athena-006e20r\Scripts\python.exe,"3.12.13 (main, Mar  3 2026, 15:01:35) [MSC v.1944 64 bit (AMD64)]",Windows-11-10.0.26200-SP0,0.8.0,0.8.0,3.3.1,False,LBOX_P3_S2,replay_006E59,CORE_SUBBOX,LBOX_P3,1999/6000,1/3000,5001/3000,1/3000,96,[0.332833333332356 +/- 7.05e-17],[0.333500000000977 +/- 4.04e-16],[1.66666666666569 +/- 9.22e-16],[1.66733333333431 +/- 5.53e-16],True,True,acb,True,[0.572124749646881 +/- 1.88e-17],[0.615308688188796 +/- 3.60e-16],[0.474348552540162 +/- 3.84e-16],[0.517530374011242 +/- 8.85e-17],True,True,53,96,53,True,PASS
006E63,006E63-20260627T174026Z,006E63_REPLAY_PLUS_CENTER_ATTO_TIGHT,C:\Users\johnn\AppData\Local\Temp\athena-006e20r\Scripts\python.exe,C:\Users\johnn\AppData\Local\Temp\athena-006e20r\Scripts\python.exe,"3.12.13 (main, Mar  3 2026, 15:01:35) [MSC v.1944 64 bit (AMD64)]",Windows-11-10.0.26200-SP0,0.8.0,0.8.0,3.3.1,False,LBOX_P3_S2,replay_006E59,CORE_SUBBOX,LBOX_P3,1999/6000,1/3000,5001/3000,1/3000,128,[0.332833333332356 +/- 7.05e-17],[0.333500000000977 +/- 4.04e-16],[1.66666666666569 +/- 9.22e-16],[1.66733333333431 +/- 5.53e-16],True,True,acb,True,[0.556842431881156 +/- 4.37e-16],[0.630591006589744 +/- 9.64e-17],[0.459063552509184 +/- 4.03e-16],[0.532815373808268 +/- 4.47e-17],True,True,53,128,53,True,PASS
006E63,006E63-20260627T174026Z,006E63_REPLAY_PLUS_CENTER_ATTO_TIGHT,C:\Users\johnn\AppData\Local\Temp\athena-006e20r\Scripts\python.exe,C:\Users\johnn\AppData\Local\Temp\athena-006e20r\Scripts\python.exe,"3.12.13 (main, Mar  3 2026, 15:01:35) [MSC v.1944 64 bit (AMD64)]",Windows-11-10.0.26200-SP0,0.8.0,0.8.0,3.3.1,False,LBOX_P3_S3,replay_006E59,CORE_SUBBOX,LBOX_P3,2001/6000,1/3000,4999/3000,1/3000,96,[0.333166666665689 +/- 2.27e-16],[0.333833333334311 +/- 3.00e-16],[1.66599999999902 +/- 2.49e-15],[1.66666666666764 +/- 3.96e-15],True,True,acb,True,[0.572084235828921 +/- 1.28e-16],[0.615248565665066 +/- 2.73e-17],[0.474081687327771 +/- 1.05e-16],[0.517243895203637 +/- 4.50e-16],True,True,53,96,53,True,PASS
006E63,006E63-20260627T174026Z,006E63_REPLAY_PLUS_CENTER_ATTO_TIGHT,C:\Users\johnn\AppData\Local\Temp\athena-006e20r\Scripts\python.exe,C:\Users\johnn\AppData\Local\Temp\athena-006e20r\Scripts\python.exe,"3.12.13 (main, Mar  3 2026, 15:01:35) [MSC v.1944 64 bit (AMD64)]",Windows-11-10.0.26200-SP0,0.8.0,0.8.0,3.3.1,False,LBOX_P3_S3,replay_006E59,CORE_SUBBOX,LBOX_P3,2001/6000,1/3000,4999/3000,1/3000,128,[0.333166666665689 +/- 2.27e-16],[0.333833333334311 +/- 3.00e-16],[1.66599999999902 +/- 2.49e-15],[1.66666666666764 +/- 3.96e-15],True,True,acb,True,[0.556855306076942 +/- 3.31e-16],[0.630477485760240 +/- 3.47e-16],[0.458850084360057 +/- 3.02e-16],[0.532475496780426 +/- 4.94e-16],True,True,53,128,53,True,PASS
006E63,006E63-20260627T174026Z,006E63_REPLAY_PLUS_CENTER_ATTO_TIGHT,C:\Users\johnn\AppData\Local\Temp\athena-006e20r\Scripts\python.exe,C:\Users\johnn\AppData\Local\Temp\athena-006e20r\Scripts\python.exe,"3.12.13 (main, Mar  3 2026, 15:01:35) [MSC v.1944 64 bit (AMD64)]",Windows-11-10.0.26200-SP0,0.8.0,0.8.0,3.3.1,False,LBOX_P3_S4,replay_006E59,CORE_SUBBOX,LBOX_P3,2001/6000,1/3000,5001/3000,1/3000,96,[0.333166666665689 +/- 2.27e-16],[0.333833333334311 +/- 3.00e-16],[1.66666666666569 +/- 9.22e-16],[1.66733333333431 +/- 5.53e-16],True,True,acb,True,[0.572249307784442 +/- 1.71e-16],[0.615385331060462 +/- 2.18e-16],[0.474297022639133 +/- 3.70e-16],[0.517430930415925 +/- 2.78e-17],True,True,53,96,53,True,PASS
006E63,006E63-20260627T174026Z,006E63_REPLAY_PLUS_CENTER_ATTO_TIGHT,C:\Users\johnn\AppData\Local\Temp\athena-006e20r\Scripts\python.exe,C:\Users\johnn\AppData\Local\Temp\athena-006e20r\Scripts\python.exe,"3.12.13 (main, Mar  3 2026, 15:01:35) [MSC v.1944 64 bit (AMD64)]",Windows-11-10.0.26200-SP0,0.8.0,0.8.0,3.3.1,False,LBOX_P3_S4,replay_006E59,CORE_SUBBOX,LBOX_P3,2001/6000,1/3000,5001/3000,1/3000,128,[0.333166666665689 +/- 2.27e-16],[0.333833333334311 +/- 3.00e-16],[1.66666666666569 +/- 9.22e-16],[1.66733333333431 +/- 5.53e-16],True,True,acb,True,[0.556989727593436 +/- 4.57e-16],[0.630644901590831 +/- 3.09e-16],[0.459034768170209 +/- 3.29e-16],[0.532693183519410 +/- 2.49e-16],True,True,53,128,53,True,PASS
006E63,006E63-20260627T174026Z,006E63_REPLAY_PLUS_CENTER_ATTO_TIGHT,C:\Users\johnn\AppData\Local\Temp\athena-006e20r\Scripts\python.exe,C:\Users\johnn\AppData\Local\Temp\athena-006e20r\Scripts\python.exe,"3.12.13 (main, Mar  3 2026, 15:01:35) [MSC v.1944 64 bit (AMD64)]",Windows-11-10.0.26200-SP0,0.8.0,0.8.0,3.3.1,False,LBOX_P3_C,replay_006E59,CENTER_REFINEMENT,LBOX_P3,1/3,1/6000,5/3,1/6000,96,[0.333166666666178 +/- 5.37e-17],[0.333500000000489 +/- 3.17e-16],[1.66649999999951 +/- 1.16e-15],[1.66683333333382 +/- 1.89e-15],True,True,acb,True,[0.582905034860473 +/- 4.85e-16],[0.604478065715979 +/- 2.85e-16],[0.485014862005225 +/- 4.78e-16],[0.506587373619293 +/- 6.88e-17],True,True,53,96,53,True,PASS
006E63,006E63-20260627T174026Z,006E63_REPLAY_PLUS_CENTER_ATTO_TIGHT,C:\Users\johnn\AppData\Local\Temp\athena-006e20r\Scripts\python.exe,C:\Users\johnn\AppData\Local\Temp\athena-006e20r\Scripts\python.exe,"3.12.13 (main, Mar  3 2026, 15:01:35) [MSC v.1944 64 bit (AMD64)]",Windows-11-10.0.26200-SP0,0.8.0,0.8.0,3.3.1,False,LBOX_P3_C,replay_006E59,CENTER_REFINEMENT,LBOX_P3,1/3,1/6000,5/3,1/6000,128,[0.333166666666178 +/- 5.37e-17],[0.333500000000489 +/- 3.17e-16],[1.66649999999951 +/- 1.16e-15],[1.66683333333382 +/- 1.89e-15],True,True,acb,True,[0.575282669602370 +/- 2.67e-16],[0.612100425152516 +/- 5.22e-17],[0.477391835577628 +/- 1.25e-17],[0.514210397711331 +/- 4.80e-16],True,True,53,128,53,True,PASS
006E63,006E63-20260627T174026Z,006E63_REPLAY_PLUS_CENTER_ATTO_TIGHT,C:\Users\johnn\AppData\Local\Temp\athena-006e20r\Scripts\python.exe,C:\Users\johnn\AppData\Local\Temp\athena-006e20r\Scripts\python.exe,"3.12.13 (main, Mar  3 2026, 15:01:35) [MSC v.1944 64 bit (AMD64)]",Windows-11-10.0.26200-SP0,0.8.0,0.8.0,3.3.1,False,LBOX_P3_CT,replay_006E59,CENTER_TIGHT,LBOX_P3_C,1/3,1/12000,5/3,1/12000,96,[0.333249999999756 +/- 3.70e-16],[0.333416666666911 +/- 9.5e-19],[1.66658333333309 +/- 1.17e-15],[1.66675000000024 +/- 4.21e-15],True,True,acb,True,[0.588300028611591 +/- 4.14e-16],[0.599083071690436 +/- 6.43e-17],[0.490409658098931 +/- 1.11e-16],[0.501192578461475 +/- 2.47e-16],True,True,53,96,53,True,PASS
006E63,006E63-20260627T174026Z,006E63_REPLAY_PLUS_CENTER_ATTO_TIGHT,C:\Users\johnn\AppData\Local\Temp\athena-006e20r\Scripts\python.exe,C:\Users\johnn\AppData\Local\Temp\athena-006e20r\Scripts\python.exe,"3.12.13 (main, Mar  3 2026, 15:01:35) [MSC v.1944 64 bit (AMD64)]",Windows-11-10.0.26200-SP0,0.8.0,0.8.0,3.3.1,False,LBOX_P3_CT,replay_006E59,CENTER_TIGHT,LBOX_P3_C,1/3,1/12000,5/3,1/12000,128,[0.333249999999756 +/- 3.70e-16],[0.333416666666911 +/- 9.5e-19],[1.66658333333309 +/- 1.17e-15],[1.66675000000024 +/- 4.21e-15],True,True,acb,True,[0.584490181549422 +/- 4.50e-16],[0.602892914603667 +/- 4.52e-16],[0.486599651202337 +/- 2.20e-16],[0.505002582657394 +/- 4.98e-17],True,True,53,128,53,True,PASS
006E63,006E63-20260627T174026Z,006E63_REPLAY_PLUS_CENTER_ATTO_TIGHT,C:\Users\johnn\AppData\Local\Temp\athena-006e20r\Scripts\python.exe,C:\Users\johnn\AppData\Local\Temp\athena-006e20r\Scripts\python.exe,"3.12.13 (main, Mar  3 2026, 15:01:35) [MSC v.1944 64 bit (AMD64)]",Windows-11-10.0.26200-SP0,0.8.0,0.8.0,3.3.1,False,LBOX_P3_CUT,replay_006E59,CENTER_ULTRA_TIGHT,LBOX_P3_CT,1/3,1/24000,5/3,1/24000,96,[0.333291666666544 +/- 4.73e-16],[0.333375000000122 +/- 1.57e-16],[1.66662499999988 +/- 2.33e-15],[1.66670833333346 +/- 4.64e-15],True,True,acb,True,[0.590996202426178 +/- 4.37e-16],[0.596386898464553 +/- 2.84e-16],[0.493105781019169 +/- 1.88e-16],[0.498496454465696 +/- 4.60e-16],True,True,53,96,53,True,PASS
006E63,006E63-20260627T174026Z,006E63_REPLAY_PLUS_CENTER_ATTO_TIGHT,C:\Users\johnn\AppData\Local\Temp\athena-006e20r\Scripts\python.exe,C:\Users\johnn\AppData\Local\Temp\athena-006e20r\Scripts\python.exe,"3.12.13 (main, Mar  3 2026, 15:01:35) [MSC v.1944 64 bit (AMD64)]",Windows-11-10.0.26200-SP0,0.8.0,0.8.0,3.3.1,False,LBOX_P3_CUT,replay_006E59,CENTER_ULTRA_TIGHT,LBOX_P3_CT,1/3,1/24000,5/3,1/24000,128,[0.333291666666544 +/- 4.73e-16],[0.333375000000122 +/- 1.57e-16],[1.66662499999988 +/- 2.33e-15],[1.66670833333346 +/- 4.64e-15],True,True,acb,True,[0.589091585303500 +/- 1.91e-16],[0.598291503856849 +/- 4.83e-16],[0.491201131783447 +/- 2.36e-16],[0.500401098241701 +/- 3.15e-16],True,True,53,128,53,True,PASS
006E63,006E63-20260627T174026Z,006E63_REPLAY_PLUS_CENTER_ATTO_TIGHT,C:\Users\johnn\AppData\Local\Temp\athena-006e20r\Scripts\python.exe,C:\Users\johnn\AppData\Local\Temp\athena-006e20r\Scripts\python.exe,"3.12.13 (main, Mar  3 2026, 15:01:35) [MSC v.1944 64 bit (AMD64)]",Windows-11-10.0.26200-SP0,0.8.0,0.8.0,3.3.1,False,LBOX_P3_CMT,replay_006E59,CENTER_MICRO_TIGHT,LBOX_P3_CUT,1/3,1/48000,5/3,1/48000,96,[0.333312499999939 +/- 1.07e-16],[0.333354166666728 +/- 2.65e-16],[1.66664583333327 +/- 2.10e-15],[1.66668750000006 +/- 9.40e-16],True,True,acb,True,[0.592343958983952 +/- 2.09e-17],[0.595039140132690 +/- 7.97e-18],[0.494453526058429 +/- 2.94e-16],[0.497148709459076 +/- 1.33e-16],True,True,53,96,53,True,PASS
006E63,006E63-20260627T174026Z,006E63_REPLAY_PLUS_CENTER_ATTO_TIGHT,C:\Users\johnn\AppData\Local\Temp\athena-006e20r\Scripts\python.exe,C:\Users\johnn\AppData\Local\Temp\athena-006e20r\Scripts\python.exe,"3.12.13 (main, Mar  3 2026, 15:01:35) [MSC v.1944 64 bit (AMD64)]",Windows-11-10.0.26200-SP0,0.8.0,0.8.0,3.3.1,False,LBOX_P3_CMT,replay_006E59,CENTER_MICRO_TIGHT,LBOX_P3_CUT,1/3,1/48000,5/3,1/48000,128,[0.333312499999939 +/- 1.07e-16],[0.333354166666728 +/- 2.65e-16],[1.66664583333327 +/- 2.10e-15],[1.66668750000006 +/- 9.40e-16],True,True,acb,True,[0.591391705681941 +/- 4.51e-16],[0.595991387002483 +/- 3.36e-16],[0.493501269620370 +/- 5.78e-17],[0.498100962167715 +/- 4.00e-16],True,True,53,128,53,True,PASS
006E63,006E63-20260627T174026Z,006E63_REPLAY_PLUS_CENTER_ATTO_TIGHT,C:\Users\johnn\AppData\Local\Temp\athena-006e20r\Scripts\python.exe,C:\Users\johnn\AppData\Local\Temp\athena-006e20r\Scripts\python.exe,"3.12.13 (main, Mar  3 2026, 15:01:35) [MSC v.1944 64 bit (AMD64)]",Windows-11-10.0.26200-SP0,0.8.0,0.8.0,3.3.1,False,LBOX_P3_CNT,replay_006E59,CENTER_NANO_TIGHT,LBOX_P3_CMT,1/3,1/96000,5/3,1/96000,96,[0.333322916666636 +/- 1.05e-16],[0.333343750000031 +/- 4.75e-16],[1.66665624999997 +/- 6.93e-16],[1.66667708333336 +/- 3.73e-15],True,True,acb,True,[0.593017757849098 +/- 2.71e-16],[0.594365343992409 +/- 1.46e-16],[0.495127321619549 +/- 3.10e-16],[0.496474915529945 +/- 1.18e-16],True,True,53,96,53,True,PASS
006E63,006E63-20260627T174026Z,006E63_REPLAY_PLUS_CENTER_ATTO_TIGHT,C:\Users\johnn\AppData\Local\Temp\athena-006e20r\Scripts\python.exe,C:\Users\johnn\AppData\Local\Temp\athena-006e20r\Scripts\python.exe,"3.12.13 (main, Mar  3 2026, 15:01:35) [MSC v.1944 64 bit (AMD64)]",Windows-11-10.0.26200-SP0,0.8.0,0.8.0,3.3.1,False,LBOX_P3_CNT,replay_006E59,CENTER_NANO_TIGHT,LBOX_P3_CMT,1/3,1/96000,5/3,1/96000,128,[0.333322916666636 +/- 1.05e-16],[0.333343750000031 +/- 4.75e-16],[1.66665624999997 +/- 6.93e-16],[1.66667708333336 +/- 3.73e-15],True,True,acb,True,[0.592541621085530 +/- 9.69e-18],[0.594841474391415 +/- 4.37e-16],[0.494651188889746 +/- 1.49e-16],[0.496951044374781 +/- 4.52e-16],True,True,53,128,53,True,PASS
006E63,006E63-20260627T174026Z,006E63_REPLAY_PLUS_CENTER_ATTO_TIGHT,C:\Users\johnn\AppData\Local\Temp\athena-006e20r\Scripts\python.exe,C:\Users\johnn\AppData\Local\Temp\athena-006e20r\Scripts\python.exe,"3.12.13 (main, Mar  3 2026, 15:01:35) [MSC v.1944 64 bit (AMD64)]",Windows-11-10.0.26200-SP0,0.8.0,0.8.0,3.3.1,False,LBOX_P3_CPT,replay_006E59,CENTER_PICO_TIGHT,LBOX_P3_CNT,1/3,1/192000,5/3,1/192000,96,[0.333328124999985 +/- 2.91e-16],[0.333338541666682 +/- 8.00e-17],[1.66666145833332 +/- 2.09e-15],[1.66667187500002 +/- 4.88e-15],True,True,acb,True,[0.593354633104256 +/- 4.27e-17],[0.594028466788488 +/- 1.37e-16],[0.495464196751732 +/- 4.11e-16],[0.496138040616847 +/- 1.32e-16],True,True,53,96,53,True,PASS
006E63,006E63-20260627T174026Z,006E63_REPLAY_PLUS_CENTER_ATTO_TIGHT,C:\Users\johnn\AppData\Local\Temp\athena-006e20r\Scripts\python.exe,C:\Users\johnn\AppData\Local\Temp\athena-006e20r\Scripts\python.exe,"3.12.13 (main, Mar  3 2026, 15:01:35) [MSC v.1944 64 bit (AMD64)]",Windows-11-10.0.26200-SP0,0.8.0,0.8.0,3.3.1,False,LBOX_P3_CPT,replay_006E59,CENTER_PICO_TIGHT,LBOX_P3_CNT,1/3,1/192000,5/3,1/192000,128,[0.333328124999985 +/- 2.91e-16],[0.333338541666682 +/- 8.00e-17],[1.66666145833332 +/- 2.09e-15],[1.66667187500002 +/- 4.88e-15],True,True,acb,True,[0.593116552483400 +/- 3.39e-16],[0.594266541613172 +/- 1.62e-16],[0.495226122767622 +/- 3.21e-16],[0.496376110365804 +/- 3.69e-16],True,True,53,128,53,True,PASS
006E63,006E63-20260627T174026Z,006E63_REPLAY_PLUS_CENTER_ATTO_TIGHT,C:\Users\johnn\AppData\Local\Temp\athena-006e20r\Scripts\python.exe,C:\Users\johnn\AppData\Local\Temp\athena-006e20r\Scripts\python.exe,"3.12.13 (main, Mar  3 2026, 15:01:35) [MSC v.1944 64 bit (AMD64)]",Windows-11-10.0.26200-SP0,0.8.0,0.8.0,3.3.1,False,LBOX_P3_CFT,replay_006E59,CENTER_FEMTO_TIGHT,LBOX_P3_CPT,1/3,1/384000,5/3,1/384000,96,[0.333330729166659 +/- 1.23e-17],[0.333335937500008 +/- 3.83e-16],[1.66666406249999 +/- 2.22e-15],[1.66666927083334 +/- 8.22e-16],True,True,acb,True,[0.593523064750303 +/- 1.92e-16],[0.593860035770563 +/- 4.55e-16],[0.495632626534182 +/- 1.09e-16],[0.495969609271463 +/- 5.89e-17],True,True,53,96,53,True,PASS
006E63,006E63-20260627T174026Z,006E63_REPLAY_PLUS_CENTER_ATTO_TIGHT,C:\Users\johnn\AppData\Local\Temp\athena-006e20r\Scripts\python.exe,C:\Users\johnn\AppData\Local\Temp\athena-006e20r\Scripts\python.exe,"3.12.13 (main, Mar  3 2026, 15:01:35) [MSC v.1944 64 bit (AMD64)]",Windows-11-10.0.26200-SP0,0.8.0,0.8.0,3.3.1,False,LBOX_P3_CFT,replay_006E59,CENTER_FEMTO_TIGHT,LBOX_P3_CPT,1/3,1/384000,5/3,1/384000,128,[0.333330729166659 +/- 1.23e-17],[0.333335937500008 +/- 3.83e-16],[1.66666406249999 +/- 2.22e-15],[1.66666927083334 +/- 8.22e-16],True,True,acb,True,[0.593404003171135 +/- 3.97e-16],[0.593979090546318 +/- 3.00e-16],[0.495513574167353 +/- 4.22e-16],[0.496088657859992 +/- 3.79e-16],True,True,53,128,53,True,PASS
006E63,006E63-20260627T174026Z,006E63_REPLAY_PLUS_CENTER_ATTO_TIGHT,C:\Users\johnn\AppData\Local\Temp\athena-006e20r\Scripts\python.exe,C:\Users\johnn\AppData\Local\Temp\athena-006e20r\Scripts\python.exe,"3.12.13 (main, Mar  3 2026, 15:01:35) [MSC v.1944 64 bit (AMD64)]",Windows-11-10.0.26200-SP0,0.8.0,0.8.0,3.3.1,False,LBOX_P3_C_ATTO,new_006E63,CENTER_ATTO_TIGHT,LBOX_P3_CFT,1/3,1/768000,5/3,1/768000,96,[0.333332031249996 +/- 1.64e-16],[0.333334635416670 +/- 4.67e-16],[1.66666536458333 +/- 6.33e-16],[1.66666796875000 +/- 3.68e-15],True,True,acb,True,[0.593607284738183 +/- 2.50e-16],[0.593775816203489 +/- 2.93e-16],[0.495716848247336 +/- 3.06e-16],[0.495885388829417 +/- 1.85e-16],True,True,53,96,53,True,PASS
006E63,006E63-20260627T174026Z,006E63_REPLAY_PLUS_CENTER_ATTO_TIGHT,C:\Users\johnn\AppData\Local\Temp\athena-006e20r\Scripts\python.exe,C:\Users\johnn\AppData\Local\Temp\athena-006e20r\Scripts\python.exe,"3.12.13 (main, Mar  3 2026, 15:01:35) [MSC v.1944 64 bit (AMD64)]",Windows-11-10.0.26200-SP0,0.8.0,0.8.0,3.3.1,False,LBOX_P3_C_ATTO,new_006E63,CENTER_ATTO_TIGHT,LBOX_P3_CFT,1/3,1/768000,5/3,1/768000,128,[0.333332031249996 +/- 1.64e-16],[0.333334635416670 +/- 4.67e-16],[1.66666536458333 +/- 6.33e-16],[1.66666796875000 +/- 3.68e-15],True,True,acb,True,[0.593547731223372 +/- 4.34e-16],[0.593835362934588 +/- 4.96e-16],[0.495657302852541 +/- 4.96e-16],[0.495944930532877 +/- 1.41e-16],True,True,53,128,53,True,PASS
